{
  "accuracy": 0.18181818181818182,
  "f1_score": 0.055944055944055944,
  "n_samples": 55,
  "n_classes": 5,
  "timestamp": "2025-12-18T15:24:18.046035"
}