{
  "accuracy": 0.28888888888888886,
  "f1_score": 0.19425375031782355,
  "n_samples": 45,
  "n_classes": 4,
  "timestamp": "2025-12-18T15:17:33.736138"
}